{"v":"5.7.7","fr":29.9700012207031,"ip":0,"op":81.0000032991976,"w":900,"h":900,"nm":"people1","ddd":0,"assets":[],"layers":[{"ddd":0,"ind":1,"ty":4,"nm":"Arms up r Outlines","parent":2,"sr":1,"ks":{"o":{"a":0,"k":100,"ix":11},"r":{"a":1,"k":[{"i":{"x":[0.667],"y":[1]},"o":{"x":[0.333],"y":[0]},"t":0,"s":[-3]},{"i":{"x":[0.667],"y":[1]},"o":{"x":[0.333],"y":[0]},"t":10,"s":[-31]},{"i":{"x":[0.667],"y":[1]},"o":{"x":[0.333],"y":[0]},"t":24,"s":[-7]},{"i":{"x":[0.833],"y":[1]},"o":{"x":[0.333],"y":[0]},"t":39,"s":[-29]},{"i":{"x":[0.833],"y":[1]},"o":{"x":[0.167],"y":[0]},"t":55,"s":[-5]},{"i":{"x":[0.833],"y":[1]},"o":{"x":[0.167],"y":[0]},"t":68,"s":[-27]},{"t":80.0000032584668,"s":[-3]}],"ix":10},"p":{"a":0,"k":[93.085,312.403,0],"ix":2,"l":2},"a":{"a":0,"k":[38.276,415.578,0],"ix":1,"l":2},"s":{"a":0,"k":[100,100,100],"ix":6,"l":2}},"ao":0,"shapes":[{"ty":"gr","it":[{"ind":0,"ty":"sh","ix":1,"ks":{"a":0,"k":{"i":[[0,0],[2.882,0.945],[1.068,-2.412],[0,0],[0.828,1.705],[0,0],[-0.265,0.601],[0,0],[3.464,1.534],[1.533,-3.464],[0,0],[1.399,0.959],[0.016,0.01],[-0.518,1.17],[0,0],[3.369,1.492],[1.491,-3.369],[0,0],[1.463,0.191],[0.135,0.015],[-0.895,2.021],[0,0],[3.428,1.518],[1.517,-3.427],[0,0],[1.793,-1.027],[0.216,2.012],[0,0],[4.048,-0.221],[-0.455,-4.243],[0,0],[1.103,-7.719],[-16.193,-7.121],[-8.665,19.573],[0,0]],"o":[[1.197,-2.703],[-2.506,-0.821],[0,0],[-0.768,1.734],[0,0],[-0.288,-0.59],[0,0],[1.534,-3.464],[-3.464,-1.533],[0,0],[-0.688,1.55],[-0.016,-0.011],[-1.057,-0.723],[0,0],[1.491,-3.37],[-3.369,-1.492],[0,0],[-0.598,1.348],[-0.136,-0.017],[-2.194,-0.263],[0,0],[1.518,-3.427],[-3.428,-1.517],[0,0],[-0.836,1.889],[-1.755,1.005],[0,0],[-0.433,-4.03],[-4.317,0.236],[0,0],[0.832,7.753],[-2.385,16.678],[19.596,8.615],[0,0],[0,0]],"v":[[48.982,-14.215],[45.926,-21.054],[39.642,-18.033],[29.371,5.17],[25.342,5.239],[25.316,5.183],[25.266,3.31],[44.277,-39.634],[40.782,-48.683],[31.734,-45.187],[16.485,-10.741],[12.484,-9.64],[12.438,-9.671],[11.526,-12.948],[30.474,-55.748],[27.073,-64.55],[18.271,-61.15],[-0.854,-17.947],[-4.339,-16.062],[-4.745,-16.111],[-7.393,-20.638],[7.359,-53.964],[3.901,-62.918],[-5.053,-59.459],[-24.411,-15.734],[-28.458,-11.245],[-32.639,-13.38],[-34.792,-33.461],[-42.677,-40.559],[-49.724,-32.285],[-46.964,-6.56],[-47.385,16.737],[-24.775,57.427],[26.369,36.868],[27.305,34.753]],"c":true},"ix":2},"nm":"Path 1","mn":"ADBE Vector Shape - Group","hd":false},{"ty":"fl","c":{"a":0,"k":[0.957693481445,0.69283136106,0.686271817076,1],"ix":4},"o":{"a":0,"k":100,"ix":5},"r":1,"bm":0,"nm":"Fill 1","mn":"ADBE Vector Graphic - Fill","hd":false},{"ty":"tr","p":{"a":0,"k":[166.124,66.292],"ix":2},"a":{"a":0,"k":[0,0],"ix":1},"s":{"a":0,"k":[100,100],"ix":3},"r":{"a":0,"k":0,"ix":6},"o":{"a":0,"k":100,"ix":7},"sk":{"a":0,"k":0,"ix":4},"sa":{"a":0,"k":0,"ix":5},"nm":"Transform"}],"nm":"Group 1","np":4,"cix":2,"bm":0,"ix":1,"mn":"ADBE Vector Group","hd":false},{"ty":"gr","it":[{"ind":0,"ty":"sh","ix":1,"ks":{"a":0,"k":{"i":[[1.543,-4.543],[0,0],[0,0],[15.256,11.501],[0,0],[-0.101,0.252],[0,0],[-12.573,-0.888],[-2.515,-12.49]],"o":[[0,0],[0,0],[-17.787,9.137],[0,0],[0.101,-0.252],[0,0],[4.711,-10.646],[12.708,0.905],[1.056,5.28]],"v":[[34.107,-4.284],[34.125,-4.284],[21.232,33.789],[-36.136,17.142],[-19.523,-24.116],[-19.221,-24.871],[-19.154,-25.021],[9.111,-42.038],[35.08,-19.12]],"c":true},"ix":2},"nm":"Path 1","mn":"ADBE Vector Shape - Group","hd":false},{"ty":"fl","c":{"a":0,"k":[0.957693481445,0.69283136106,0.686271817076,1],"ix":4},"o":{"a":0,"k":100,"ix":5},"r":1,"bm":0,"nm":"Fill 1","mn":"ADBE Vector Graphic - Fill","hd":false},{"ty":"tr","p":{"a":0,"k":[142.122,128.439],"ix":2},"a":{"a":0,"k":[0,0],"ix":1},"s":{"a":0,"k":[100,100],"ix":3},"r":{"a":0,"k":0,"ix":6},"o":{"a":0,"k":100,"ix":7},"sk":{"a":0,"k":0,"ix":4},"sa":{"a":0,"k":0,"ix":5},"nm":"Transform"}],"nm":"Group 2","np":4,"cix":2,"bm":0,"ix":2,"mn":"ADBE Vector Group","hd":false},{"ty":"gr","it":[{"ind":0,"ty":"sh","ix":1,"ks":{"a":0,"k":{"i":[[1.543,-4.543],[0,0],[0,0],[0,0],[1.96,-10.059],[19.916,1.225],[0.889,19.564],[0,0.604],[-2.917,5.432],[0,0],[0,0],[-0.101,0.252],[0,0],[-12.573,-0.888],[-2.515,-12.49]],"o":[[0,0],[0,0],[0,0],[-3.286,9.689],[-3.605,18.592],[-19.548,-1.189],[-0.034,-0.621],[0,-6.605],[0,0],[0,0],[0.101,-0.252],[0,0],[4.711,-10.646],[12.708,0.905],[1.056,5.28]],"v":[[86.975,-146.055],[86.993,-146.055],[74.1,-107.981],[-4.04,122.667],[-12.254,152.24],[-52.691,183.471],[-88.953,146.641],[-89.004,144.812],[-84.426,126.573],[16.732,-124.628],[33.345,-165.887],[33.647,-166.641],[33.714,-166.792],[61.979,-183.809],[87.948,-160.891]],"c":true},"ix":2},"nm":"Path 1","mn":"ADBE Vector Shape - Group","hd":false},{"ty":"fl","c":{"a":0,"k":[0,0,0,1],"ix":4},"o":{"a":0,"k":100,"ix":5},"r":1,"bm":0,"nm":"Fill 1","mn":"ADBE Vector Graphic - Fill","hd":false},{"ty":"tr","p":{"a":0,"k":[89.254,270.21],"ix":2},"a":{"a":0,"k":[0,0],"ix":1},"s":{"a":0,"k":[100,100],"ix":3},"r":{"a":0,"k":0,"ix":6},"o":{"a":0,"k":100,"ix":7},"sk":{"a":0,"k":0,"ix":4},"sa":{"a":0,"k":0,"ix":5},"nm":"Transform"}],"nm":"Group 3","np":4,"cix":2,"bm":0,"ix":3,"mn":"ADBE Vector Group","hd":false}],"ip":0,"op":81.0000032991976,"st":0,"bm":0},{"ddd":0,"ind":2,"ty":4,"nm":"Arms down r Outlines","sr":1,"ks":{"o":{"a":0,"k":100,"ix":11},"r":{"a":0,"k":-10,"ix":10},"p":{"a":0,"k":[529.102,579.048,0],"ix":2,"l":2},"a":{"a":0,"k":[48.388,43.417,0],"ix":1,"l":2},"s":{"a":0,"k":[100,100,100],"ix":6,"l":2}},"ao":0,"shapes":[{"ty":"gr","it":[{"ind":0,"ty":"sh","ix":1,"ks":{"a":0,"k":{"i":[[1.048,3.514],[0,0],[25.684,0],[0,-25.832],[-1.977,-5.181],[0,0],[-21.389,0],[0,21.39]],"o":[[0,0],[-0.238,-25.626],[-25.832,0],[0,5.875],[0,0],[0,21.39],[21.389,0],[0,-3.854]],"v":[[64.519,125.351],[27.397,-128.836],[-19.365,-175.167],[-66.137,-128.393],[-63.066,-111.72],[-11.321,136.438],[27.408,175.167],[66.137,136.438]],"c":true},"ix":2},"nm":"Path 1","mn":"ADBE Vector Shape - Group","hd":false},{"ty":"fl","c":{"a":0,"k":[0,0,0,1],"ix":4},"o":{"a":0,"k":100,"ix":5},"r":1,"bm":0,"nm":"Fill 1","mn":"ADBE Vector Graphic - Fill","hd":false},{"ty":"tr","p":{"a":0,"k":[66.387,175.417],"ix":2},"a":{"a":0,"k":[0,0],"ix":1},"s":{"a":0,"k":[100,100],"ix":3},"r":{"a":0,"k":0,"ix":6},"o":{"a":0,"k":100,"ix":7},"sk":{"a":0,"k":0,"ix":4},"sa":{"a":0,"k":0,"ix":5},"nm":"Transform"}],"nm":"Group 1","np":4,"cix":2,"bm":0,"ix":1,"mn":"ADBE Vector Group","hd":false}],"ip":0,"op":81.0000032991976,"st":0,"bm":0},{"ddd":0,"ind":3,"ty":4,"nm":"ÃÂ¡ÃÂ»ÃÂ¾ÃÂ¹ 19 Outlines","sr":1,"ks":{"o":{"a":0,"k":100,"ix":11},"r":{"a":0,"k":0,"ix":10},"p":{"a":0,"k":[391.646,489.711,0],"ix":2,"l":2},"a":{"a":0,"k":[183.114,396.755,0],"ix":1,"l":2},"s":{"a":0,"k":[100,100,100],"ix":6,"l":2}},"ao":0,"shapes":[{"ty":"gr","it":[{"ind":0,"ty":"sh","ix":1,"ks":{"a":0,"k":{"i":[[0,-7.189],[7.189,0],[0,7.189],[-7.19,0]],"o":[[0,7.189],[-7.19,0],[0,-7.189],[7.189,0]],"v":[[13.018,0],[0,13.017],[-13.018,0],[0,-13.017]],"c":true},"ix":2},"nm":"Path 1","mn":"ADBE Vector Shape - Group","hd":false},{"ty":"fl","c":{"a":0,"k":[0.857712091184,0.570274442785,0.56260842716,1],"ix":4},"o":{"a":0,"k":100,"ix":5},"r":1,"bm":0,"nm":"Fill 1","mn":"ADBE Vector Graphic - Fill","hd":false},{"ty":"tr","p":{"a":0,"k":[226.767,222.727],"ix":2},"a":{"a":0,"k":[0,0],"ix":1},"s":{"a":0,"k":[100,100],"ix":3},"r":{"a":0,"k":0,"ix":6},"o":{"a":0,"k":100,"ix":7},"sk":{"a":0,"k":0,"ix":4},"sa":{"a":0,"k":0,"ix":5},"nm":"Transform"}],"nm":"Group 1","np":4,"cix":2,"bm":0,"ix":1,"mn":"ADBE Vector Group","hd":false},{"ty":"gr","it":[{"ind":0,"ty":"sh","ix":1,"ks":{"a":0,"k":{"i":[[-1.894,-35.975],[13.885,-2.524],[-3.156,-24.614],[-18.303,18.934],[-6.312,-1.894],[-11.361,20.196],[-5.05,-5.68],[-25.245,6.312],[-21.458,-15.779],[9.467,39.762],[8.836,12.623],[3.156,8.836],[2.524,9.467],[47.967,-15.148],[13.885,6.312],[14.516,-18.934],[18.934,0]],"o":[[0.148,2.819],[-13.885,2.525],[3.156,24.614],[18.303,-18.934],[6.311,1.893],[11.361,-20.197],[5.049,5.681],[25.246,-6.311],[0,0],[0,0],[-8.836,-12.623],[-3.156,-8.836],[-2.525,-9.467],[0,0],[-13.885,-6.311],[-14.516,18.934],[-18.935,0]],"v":[[-109.187,-18.619],[-116.13,5.365],[-148.318,43.865],[-96.564,61.536],[-54.909,64.693],[-22.721,53.331],[11.992,41.971],[42.917,73.528],[97.826,79.208],[131.277,35.029],[142.638,12.308],[108.556,-10.414],[117.392,-40.708],[46.073,-65.323],[18.303,-64.06],[-31.557,-59.643],[-68.794,-62.167]],"c":true},"ix":2},"nm":"Path 1","mn":"ADBE Vector Shape - Group","hd":false},{"ty":"fl","c":{"a":0,"k":[0.158679588168,0.158678989784,0.158679677926,1],"ix":4},"o":{"a":0,"k":100,"ix":5},"r":1,"bm":0,"nm":"Fill 1","mn":"ADBE Vector Graphic - Fill","hd":false},{"ty":"tr","p":{"a":0,"k":[176.937,80.721],"ix":2},"a":{"a":0,"k":[0,0],"ix":1},"s":{"a":0,"k":[100,100],"ix":3},"r":{"a":0,"k":0,"ix":6},"o":{"a":0,"k":100,"ix":7},"sk":{"a":0,"k":0,"ix":4},"sa":{"a":0,"k":0,"ix":5},"nm":"Transform"}],"nm":"Group 2","np":4,"cix":2,"bm":0,"ix":2,"mn":"ADBE Vector Group","hd":false},{"ty":"gr","it":[{"ind":0,"ty":"sh","ix":1,"ks":{"a":0,"k":{"i":[[0,-7.189],[7.189,0],[0,7.189],[-7.19,0]],"o":[[0,7.189],[-7.19,0],[0,-7.189],[7.189,0]],"v":[[13.018,0],[0,13.017],[-13.018,0],[0,-13.017]],"c":true},"ix":2},"nm":"Path 1","mn":"ADBE Vector Shape - Group","hd":false},{"ty":"fl","c":{"a":0,"k":[0.857712091184,0.570274442785,0.56260842716,1],"ix":4},"o":{"a":0,"k":100,"ix":5},"r":1,"bm":0,"nm":"Fill 1","mn":"ADBE Vector Graphic - Fill","hd":false},{"ty":"tr","p":{"a":0,"k":[128.078,223.689],"ix":2},"a":{"a":0,"k":[0,0],"ix":1},"s":{"a":0,"k":[100,100],"ix":3},"r":{"a":0,"k":0,"ix":6},"o":{"a":0,"k":100,"ix":7},"sk":{"a":0,"k":0,"ix":4},"sa":{"a":0,"k":0,"ix":5},"nm":"Transform"}],"nm":"Group 3","np":4,"cix":2,"bm":0,"ix":3,"mn":"ADBE Vector Group","hd":false},{"ty":"gr","it":[{"ind":0,"ty":"sh","ix":1,"ks":{"a":0,"k":{"i":[[-1.106,-0.247],[0,0],[-0.246,1.106],[0,0],[1.106,0.247],[0,0],[0.247,-1.106],[0,0]],"o":[[0,0],[1.106,0.246],[0,0],[0.247,-1.106],[0,0],[-1.106,-0.246],[0,0],[-0.247,1.106]],"v":[[-14.338,0.326],[12.842,6.388],[15.29,4.831],[15.895,2.122],[14.34,-0.326],[-12.84,-6.388],[-15.29,-4.833],[-15.895,-2.122]],"c":true},"ix":2},"nm":"Path 1","mn":"ADBE Vector Shape - Group","hd":false},{"ty":"fl","c":{"a":0,"k":[0,0,0,1],"ix":4},"o":{"a":0,"k":100,"ix":5},"r":1,"bm":0,"nm":"Fill 1","mn":"ADBE Vector Graphic - Fill","hd":false},{"ty":"tr","p":{"a":0,"k":[207.862,172.899],"ix":2},"a":{"a":0,"k":[0,0],"ix":1},"s":{"a":0,"k":[100,100],"ix":3},"r":{"a":0,"k":0,"ix":6},"o":{"a":0,"k":100,"ix":7},"sk":{"a":0,"k":0,"ix":4},"sa":{"a":0,"k":0,"ix":5},"nm":"Transform"}],"nm":"Group 4","np":4,"cix":2,"bm":0,"ix":4,"mn":"ADBE Vector Group","hd":false},{"ty":"gr","it":[{"ind":0,"ty":"sh","ix":1,"ks":{"a":0,"k":{"i":[[1.106,-0.247],[0,0],[0.246,1.106],[0,0],[-1.106,0.247],[0,0],[-0.247,-1.106],[0,0]],"o":[[0,0],[-1.106,0.246],[0,0],[-0.247,-1.106],[0,0],[1.106,-0.246],[0,0],[0.247,1.106]],"v":[[14.339,0.326],[-12.842,6.388],[-15.29,4.831],[-15.895,2.122],[-14.34,-0.326],[12.84,-6.388],[15.29,-4.833],[15.895,-2.122]],"c":true},"ix":2},"nm":"Path 1","mn":"ADBE Vector Shape - Group","hd":false},{"ty":"fl","c":{"a":0,"k":[0,0,0,1],"ix":4},"o":{"a":0,"k":100,"ix":5},"r":1,"bm":0,"nm":"Fill 1","mn":"ADBE Vector Graphic - Fill","hd":false},{"ty":"tr","p":{"a":0,"k":[142.658,172.899],"ix":2},"a":{"a":0,"k":[0,0],"ix":1},"s":{"a":0,"k":[100,100],"ix":3},"r":{"a":0,"k":0,"ix":6},"o":{"a":0,"k":100,"ix":7},"sk":{"a":0,"k":0,"ix":4},"sa":{"a":0,"k":0,"ix":5},"nm":"Transform"}],"nm":"Group 5","np":4,"cix":2,"bm":0,"ix":5,"mn":"ADBE Vector Group","hd":false},{"ty":"gr","it":[{"ind":0,"ty":"sh","ix":1,"ks":{"a":0,"k":{"i":[[0,0],[-16.594,15.1]],"o":[[0,0],[0,0]],"v":[[-15.266,-6.72],[15.266,-7.55]],"c":false},"ix":2},"nm":"Path 1","mn":"ADBE Vector Shape - Group","hd":false},{"ty":"st","c":{"a":0,"k":[0,0,0,1],"ix":3},"o":{"a":0,"k":100,"ix":4},"w":{"a":0,"k":4,"ix":5},"lc":2,"lj":1,"ml":10,"bm":0,"nm":"Stroke 1","mn":"ADBE Vector Graphic - Stroke","hd":false},{"ty":"tr","p":{"a":0,"k":[175.059,281.673],"ix":2},"a":{"a":0,"k":[0,0],"ix":1},"s":{"a":0,"k":[100,100],"ix":3},"r":{"a":0,"k":0,"ix":6},"o":{"a":0,"k":100,"ix":7},"sk":{"a":0,"k":0,"ix":4},"sa":{"a":0,"k":0,"ix":5},"nm":"Transform"}],"nm":"Group 6","np":2,"cix":2,"bm":0,"ix":6,"mn":"ADBE Vector Group","hd":false},{"ty":"gr","it":[{"ind":0,"ty":"sh","ix":1,"ks":{"a":0,"k":{"i":[[0,0],[15.621,-10.887]],"o":[[0,0],[0,0]],"v":[[-7.81,-9.919],[-7.81,9.919]],"c":false},"ix":2},"nm":"Path 1","mn":"ADBE Vector Shape - Group","hd":false},{"ty":"st","c":{"a":0,"k":[0,0,0,1],"ix":3},"o":{"a":0,"k":100,"ix":4},"w":{"a":0,"k":4,"ix":5},"lc":2,"lj":1,"ml":10,"bm":0,"nm":"Stroke 1","mn":"ADBE Vector Graphic - Stroke","hd":false},{"ty":"tr","p":{"a":0,"k":[185.852,226.788],"ix":2},"a":{"a":0,"k":[0,0],"ix":1},"s":{"a":0,"k":[100,100],"ix":3},"r":{"a":0,"k":0,"ix":6},"o":{"a":0,"k":100,"ix":7},"sk":{"a":0,"k":0,"ix":4},"sa":{"a":0,"k":0,"ix":5},"nm":"Transform"}],"nm":"Group 7","np":2,"cix":2,"bm":0,"ix":7,"mn":"ADBE Vector Group","hd":false},{"ty":"gr","it":[{"ind":0,"ty":"sh","ix":1,"ks":{"a":0,"k":{"i":[[0,-3.312],[3.311,0],[0,3.311],[-3.311,0]],"o":[[0,3.311],[-3.311,0],[0,-3.312],[3.311,0]],"v":[[5.996,0],[0,5.996],[-5.996,0],[0,-5.996]],"c":true},"ix":2},"nm":"Path 1","mn":"ADBE Vector Shape - Group","hd":false},{"ty":"fl","c":{"a":0,"k":[0,0,0,1],"ix":4},"o":{"a":0,"k":100,"ix":5},"r":1,"bm":0,"nm":"Fill 1","mn":"ADBE Vector Graphic - Fill","hd":false},{"ty":"tr","p":{"a":0,"k":[203.026,199.785],"ix":2},"a":{"a":0,"k":[0,0],"ix":1},"s":{"a":0,"k":[100,100],"ix":3},"r":{"a":0,"k":0,"ix":6},"o":{"a":0,"k":100,"ix":7},"sk":{"a":0,"k":0,"ix":4},"sa":{"a":0,"k":0,"ix":5},"nm":"Transform"}],"nm":"Group 8","np":4,"cix":2,"bm":0,"ix":8,"mn":"ADBE Vector Group","hd":false},{"ty":"gr","it":[{"ind":0,"ty":"sh","ix":1,"ks":{"a":0,"k":{"i":[[0,-3.312],[3.311,0],[0,3.311],[-3.311,0]],"o":[[0,3.311],[-3.311,0],[0,-3.312],[3.311,0]],"v":[[5.996,0],[0,5.996],[-5.996,0],[0,-5.996]],"c":true},"ix":2},"nm":"Path 1","mn":"ADBE Vector Shape - Group","hd":false},{"ty":"fl","c":{"a":0,"k":[0,0,0,1],"ix":4},"o":{"a":0,"k":100,"ix":5},"r":1,"bm":0,"nm":"Fill 1","mn":"ADBE Vector Graphic - Fill","hd":false},{"ty":"tr","p":{"a":0,"k":[147.091,199.785],"ix":2},"a":{"a":0,"k":[0,0],"ix":1},"s":{"a":0,"k":[100,100],"ix":3},"r":{"a":0,"k":0,"ix":6},"o":{"a":0,"k":100,"ix":7},"sk":{"a":0,"k":0,"ix":4},"sa":{"a":0,"k":0,"ix":5},"nm":"Transform"}],"nm":"Group 9","np":4,"cix":2,"bm":0,"ix":9,"mn":"ADBE Vector Group","hd":false},{"ty":"gr","it":[{"ind":0,"ty":"sh","ix":1,"ks":{"a":0,"k":{"i":[[0,0],[0,0],[22.17,-5.54],[5.051,5.68],[11.36,-20.2],[6.32,1.89],[18.3,-18.94],[2.86,-1.48],[0,0]],"o":[[0,0],[-16.399,-9.9],[-25.25,6.31],[-5.04,-5.68],[-11.36,20.2],[-6.31,-1.89],[-2.51,2.59],[0,0],[0,0]],"v":[[97.59,-32.933],[97.59,32.877],[49.99,32.117],[19.06,0.557],[-15.65,11.917],[-47.84,23.277],[-89.49,20.127],[-97.59,26.207],[-97.59,-21.253]],"c":true},"ix":2},"nm":"Path 1","mn":"ADBE Vector Shape - Group","hd":false},{"ty":"fl","c":{"a":0,"k":[0.832216449812,0.544745890299,0.536970310585,1],"ix":4},"o":{"a":0,"k":100,"ix":5},"r":1,"bm":0,"nm":"Fill 1","mn":"ADBE Vector Graphic - Fill","hd":false},{"ty":"tr","p":{"a":0,"k":[169.598,131.637],"ix":2},"a":{"a":0,"k":[0,0],"ix":1},"s":{"a":0,"k":[100,100],"ix":3},"r":{"a":0,"k":0,"ix":6},"o":{"a":0,"k":100,"ix":7},"sk":{"a":0,"k":0,"ix":4},"sa":{"a":0,"k":0,"ix":5},"nm":"Transform"}],"nm":"Group 10","np":4,"cix":2,"bm":0,"ix":10,"mn":"ADBE Vector Group","hd":false},{"ty":"gr","it":[{"ind":0,"ty":"sh","ix":1,"ks":{"a":0,"k":{"i":[[0,0],[0,0],[9.651,-11.68],[0,0],[9.72,0],[0,0],[6.38,7.5],[0,0],[0,13.83],[0,0]],"o":[[0,0],[0,15.15],[0,0],[-6.191,7.49],[0,0],[-9.85,0],[0,0],[-8.95,-10.53],[0,0],[0,0]],"v":[[97.59,-124.02],[97.59,18.88],[82.66,60.38],[39.861,112.19],[14.74,124.02],[-10.15,124.02],[-35.74,112.19],[-83.72,55.71],[-97.59,17.98],[-97.59,-112.34]],"c":true},"ix":2},"nm":"Path 1","mn":"ADBE Vector Shape - Group","hd":false},{"ty":"fl","c":{"a":0,"k":[0.957693481445,0.69283136106,0.686271817076,1],"ix":4},"o":{"a":0,"k":100,"ix":5},"r":1,"bm":0,"nm":"Fill 1","mn":"ADBE Vector Graphic - Fill","hd":false},{"ty":"tr","p":{"a":0,"k":[169.598,222.724],"ix":2},"a":{"a":0,"k":[0,0],"ix":1},"s":{"a":0,"k":[100,100],"ix":3},"r":{"a":0,"k":0,"ix":6},"o":{"a":0,"k":100,"ix":7},"sk":{"a":0,"k":0,"ix":4},"sa":{"a":0,"k":0,"ix":5},"nm":"Transform"}],"nm":"Group 11","np":4,"cix":2,"bm":0,"ix":11,"mn":"ADBE Vector Group","hd":false},{"ty":"gr","it":[{"ind":0,"ty":"sh","ix":1,"ks":{"a":0,"k":{"i":[[-4.56,-14.669],[7.671,-4.363],[0,0],[0,0],[-7.628,10.663],[0,0],[0,0]],"o":[[-7.812,10.747],[-45.449,25.849],[0,0],[-18.156,-9.305],[17.855,-24.946],[0,0],[-1.257,15.574]],"v":[[50.035,-26.79],[25.089,-1.492],[-26.579,72.842],[-26.613,72.826],[-47.502,38.877],[-32.346,-68.416],[44.016,-72.842]],"c":true},"ix":2},"nm":"Path 1","mn":"ADBE Vector Shape - Group","hd":false},{"ty":"fl","c":{"a":0,"k":[0.832216449812,0.544745890299,0.536970310585,1],"ix":4},"o":{"a":0,"k":100,"ix":5},"r":1,"bm":0,"nm":"Fill 1","mn":"ADBE Vector Graphic - Fill","hd":false},{"ty":"tr","p":{"a":0,"k":[167.633,371.618],"ix":2},"a":{"a":0,"k":[0,0],"ix":1},"s":{"a":0,"k":[100,100],"ix":3},"r":{"a":0,"k":0,"ix":6},"o":{"a":0,"k":100,"ix":7},"sk":{"a":0,"k":0,"ix":4},"sa":{"a":0,"k":0,"ix":5},"nm":"Transform"}],"nm":"Group 12","np":4,"cix":2,"bm":0,"ix":12,"mn":"ADBE Vector Group","hd":false},{"ty":"gr","it":[{"ind":0,"ty":"sh","ix":1,"ks":{"a":0,"k":{"i":[[3.353,-5.247],[29.121,14.921],[0,0],[-7.628,10.662],[0,0],[0,0],[-4.56,-14.669],[-7.377,-11.048]],"o":[[-26.941,42.331],[0,0],[-18.156,-9.305],[17.855,-24.946],[0,0],[-1.257,15.574],[7.779,25.147],[3.454,5.181]],"v":[[65.181,39.388],[-39.984,63.965],[-40.017,63.949],[-60.906,30],[-45.751,-77.294],[30.612,-81.719],[36.631,-35.667],[64.896,22.221]],"c":true},"ix":2},"nm":"Path 1","mn":"ADBE Vector Shape - Group","hd":false},{"ty":"fl","c":{"a":0,"k":[0.957693481445,0.69283136106,0.686271817076,1],"ix":4},"o":{"a":0,"k":100,"ix":5},"r":1,"bm":0,"nm":"Fill 1","mn":"ADBE Vector Graphic - Fill","hd":false},{"ty":"tr","p":{"a":0,"k":[181.037,380.495],"ix":2},"a":{"a":0,"k":[0,0],"ix":1},"s":{"a":0,"k":[100,100],"ix":3},"r":{"a":0,"k":0,"ix":6},"o":{"a":0,"k":100,"ix":7},"sk":{"a":0,"k":0,"ix":4},"sa":{"a":0,"k":0,"ix":5},"nm":"Transform"}],"nm":"Group 13","np":4,"cix":2,"bm":0,"ix":13,"mn":"ADBE Vector Group","hd":false},{"ty":"gr","it":[{"ind":0,"ty":"sh","ix":1,"ks":{"a":0,"k":{"i":[[0,0.898],[25.832,0],[0,-25.832],[-0.05,-0.886],[0,0],[-21.39,0],[0,21.39],[0,0]],"o":[[0,-25.832],[-25.832,0],[0,0.898],[0,0],[0,21.39],[21.389,0],[0,0],[0.05,-0.886]],"v":[[46.773,-128.394],[0,-175.167],[-46.773,-128.394],[-46.692,-125.719],[-38.729,136.437],[0,175.167],[38.729,136.437],[46.692,-125.719]],"c":true},"ix":2},"nm":"Path 1","mn":"ADBE Vector Shape - Group","hd":false},{"ty":"fl","c":{"a":0,"k":[0,0,0,1],"ix":4},"o":{"a":0,"k":100,"ix":5},"r":1,"bm":0,"nm":"Fill 1","mn":"ADBE Vector Graphic - Fill","hd":false},{"ty":"tr","p":{"a":0,"k":[47.023,618.093],"ix":2},"a":{"a":0,"k":[0,0],"ix":1},"s":{"a":0,"k":[100,100],"ix":3},"r":{"a":0,"k":0,"ix":6},"o":{"a":0,"k":100,"ix":7},"sk":{"a":0,"k":0,"ix":4},"sa":{"a":0,"k":0,"ix":5},"nm":"Transform"}],"nm":"Group 14","np":4,"cix":2,"bm":0,"ix":14,"mn":"ADBE Vector Group","hd":false},{"ty":"gr","it":[{"ind":0,"ty":"sh","ix":1,"ks":{"a":0,"k":{"i":[[0,1.67],[13.04,8.299],[2.035,1.592],[0.024,-0.019],[0,-16.584],[-25.832,0],[-2.206,0.32],[0,0],[0,0],[-0.103,50.972],[-1.022,6.317]],"o":[[0,-16.604],[-2.18,-1.388],[-155.536,-121.765],[-13.014,8.304],[0,25.832],[2.295,0],[23.818,105.194],[0,0],[10.27,-129.229],[0.013,-6.398],[0.344,-2.124]],"v":[[182.864,-68.908],[161.172,-108.389],[154.86,-112.887],[-161.211,-108.354],[-182.864,-68.908],[-136.091,-22.136],[-129.336,-22.628],[-97.362,234.653],[144.135,234.653],[180.658,-43.917],[182.271,-62.996]],"c":true},"ix":2},"nm":"Path 1","mn":"ADBE Vector Shape - Group","hd":false},{"ty":"fl","c":{"a":0,"k":[0,0,0,1],"ix":4},"o":{"a":0,"k":100,"ix":5},"r":1,"bm":0,"nm":"Fill 1","mn":"ADBE Vector Graphic - Fill","hd":false},{"ty":"tr","p":{"a":0,"k":[183.114,558.608],"ix":2},"a":{"a":0,"k":[0,0],"ix":1},"s":{"a":0,"k":[100,100],"ix":3},"r":{"a":0,"k":0,"ix":6},"o":{"a":0,"k":100,"ix":7},"sk":{"a":0,"k":0,"ix":4},"sa":{"a":0,"k":0,"ix":5},"nm":"Transform"}],"nm":"Group 15","np":4,"cix":2,"bm":0,"ix":15,"mn":"ADBE Vector Group","hd":false},{"ty":"gr","it":[{"ind":0,"ty":"sh","ix":1,"ks":{"a":0,"k":{"i":[[0,0],[-13.114,-3.387]],"o":[[0,0],[0,0]],"v":[[-8.847,9.832],[8.847,-6.445]],"c":false},"ix":2},"nm":"Path 1","mn":"ADBE Vector Shape - Group","hd":false},{"ty":"st","c":{"a":0,"k":[0,0,0,1],"ix":3},"o":{"a":0,"k":100,"ix":4},"w":{"a":0,"k":4,"ix":5},"lc":2,"lj":1,"ml":10,"bm":0,"nm":"Stroke 1","mn":"ADBE Vector Graphic - Stroke","hd":false},{"ty":"tr","p":{"a":0,"k":[269.075,194.016],"ix":2},"a":{"a":0,"k":[0,0],"ix":1},"s":{"a":0,"k":[100,100],"ix":3},"r":{"a":0,"k":0,"ix":6},"o":{"a":0,"k":100,"ix":7},"sk":{"a":0,"k":0,"ix":4},"sa":{"a":0,"k":0,"ix":5},"nm":"Transform"}],"nm":"Group 16","np":2,"cix":2,"bm":0,"ix":16,"mn":"ADBE Vector Group","hd":false},{"ty":"gr","it":[{"ind":0,"ty":"sh","ix":1,"ks":{"a":0,"k":{"i":[[0,0],[13.114,-3.387]],"o":[[0,0],[0,0]],"v":[[8.847,9.832],[-8.847,-6.445]],"c":false},"ix":2},"nm":"Path 1","mn":"ADBE Vector Shape - Group","hd":false},{"ty":"st","c":{"a":0,"k":[0,0,0,1],"ix":3},"o":{"a":0,"k":100,"ix":4},"w":{"a":0,"k":4,"ix":5},"lc":2,"lj":1,"ml":10,"bm":0,"nm":"Stroke 1","mn":"ADBE Vector Graphic - Stroke","hd":false},{"ty":"tr","p":{"a":0,"k":[65.73,195.949],"ix":2},"a":{"a":0,"k":[0,0],"ix":1},"s":{"a":0,"k":[100,100],"ix":3},"r":{"a":0,"k":0,"ix":6},"o":{"a":0,"k":100,"ix":7},"sk":{"a":0,"k":0,"ix":4},"sa":{"a":0,"k":0,"ix":5},"nm":"Transform"}],"nm":"Group 17","np":2,"cix":2,"bm":0,"ix":17,"mn":"ADBE Vector Group","hd":false},{"ty":"gr","it":[{"ind":0,"ty":"sh","ix":1,"ks":{"a":0,"k":{"i":[[0,0],[-6.627,-6.627],[34.555,7.101]],"o":[[0,0],[6.627,6.627],[-34.555,-7.1]],"v":[[0,-17.278],[22.721,-29.112],[0,28.638]],"c":true},"ix":2},"nm":"Path 1","mn":"ADBE Vector Shape - Group","hd":false},{"ty":"fl","c":{"a":0,"k":[0.832216449812,0.544745890299,0.536970310585,1],"ix":4},"o":{"a":0,"k":100,"ix":5},"r":1,"bm":0,"nm":"Fill 1","mn":"ADBE Vector Graphic - Fill","hd":false},{"ty":"tr","p":{"a":0,"k":[261.09,204.503],"ix":2},"a":{"a":0,"k":[0,0],"ix":1},"s":{"a":0,"k":[100,100],"ix":3},"r":{"a":0,"k":0,"ix":6},"o":{"a":0,"k":100,"ix":7},"sk":{"a":0,"k":0,"ix":4},"sa":{"a":0,"k":0,"ix":5},"nm":"Transform"}],"nm":"Group 18","np":4,"cix":2,"bm":0,"ix":18,"mn":"ADBE Vector Group","hd":false},{"ty":"gr","it":[{"ind":0,"ty":"sh","ix":1,"ks":{"a":0,"k":{"i":[[0,0],[6.627,-6.627],[-34.555,7.101]],"o":[[0,0],[-6.627,6.627],[34.555,-7.1]],"v":[[0,-17.278],[-22.721,-29.112],[0,28.638]],"c":true},"ix":2},"nm":"Path 1","mn":"ADBE Vector Shape - Group","hd":false},{"ty":"fl","c":{"a":0,"k":[0.832216449812,0.544745890299,0.536970310585,1],"ix":4},"o":{"a":0,"k":100,"ix":5},"r":1,"bm":0,"nm":"Fill 1","mn":"ADBE Vector Graphic - Fill","hd":false},{"ty":"tr","p":{"a":0,"k":[75.797,204.503],"ix":2},"a":{"a":0,"k":[0,0],"ix":1},"s":{"a":0,"k":[100,100],"ix":3},"r":{"a":0,"k":0,"ix":6},"o":{"a":0,"k":100,"ix":7},"sk":{"a":0,"k":0,"ix":4},"sa":{"a":0,"k":0,"ix":5},"nm":"Transform"}],"nm":"Group 19","np":4,"cix":2,"bm":0,"ix":19,"mn":"ADBE Vector Group","hd":false}],"ip":0,"op":81.0000032991976,"st":0,"bm":0}],"markers":[]}